{
  "credit": "Made with Blockbench",
  "parent": "fleursporifère",
  "elements": [
    {
      "from": [
        1,
        0.1,
        1
      ],
      "to": [
        15,
        0.1,
        15
      ],
      "rotation": {
        "angle": 0,
        "axis": "y",
        "origin": [
          9,
          8.1,
          9
        ]
      },
      "faces": {
        "north": {
          "uv": [
            0,
            0,
            16,
            0
          ],
          "texture": "#missing"
        },
        "east": {
          "uv": [
            0,
            0,
            16,
            0
          ],
          "texture": "#missing"
        },
        "south": {
          "uv": [
            0,
            0,
            16,
            0
          ],
          "texture": "#missing"
        },
        "west": {
          "uv": [
            0,
            0,
            16,
            0
          ],
          "texture": "#missing"
        },
        "up": {
          "uv": [
            0,
            0,
            16,
            16
          ],
          "texture": "#0"
        },
        "down": {
          "uv": [
            0,
            0,
            16,
            16
          ],
          "texture": "#0"
        }
      }
    },
    {
      "from": [
        4,
        2.5,
        -1.7
      ],
      "to": [
        14,
        2.5,
        11.3
      ],
      "rotation": {
        "angle": 22.5,
        "axis": "x",
        "origin": [
          18,
          10.5,
          3.3
        ]
      },
      "faces": {
        "north": {
          "uv": [
            0,
            0,
            10.66667,
            0
          ],
          "rotation": 180,
          "texture": "#missing"
        },
        "east": {
          "uv": [
            0,
            0,
            0,
            16
          ],
          "rotation": 90,
          "texture": "#missing"
        },
        "south": {
          "uv": [
            0,
            0,
            10.66667,
            0
          ],
          "texture": "#missing"
        },
        "west": {
          "uv": [
            0,
            0,
            0,
            16
          ],
          "rotation": 270,
          "texture": "#missing"
        },
        "up": {
          "uv": [
            1,
            3,
            15,
            16
          ],
          "texture": "#1"
        },
        "down": {
          "uv": [
            1,
            3,
            15,
            16
          ],
          "rotation": 180,
          "texture": "#1"
        }
      }
    },
    {
      "from": [
        6.2,
        1,
        3.1
      ],
      "to": [
        19.2,
        1,
        13.1
      ],
      "rotation": {
        "angle": 22.5,
        "axis": "z",
        "origin": [
          10.2,
          9,
          10.1
        ]
      },
      "faces": {
        "north": {
          "uv": [
            0,
            0,
            0,
            16
          ],
          "rotation": 270,
          "texture": "#missing"
        },
        "east": {
          "uv": [
            0,
            0,
            10.66667,
            0
          ],
          "rotation": 180,
          "texture": "#missing"
        },
        "south": {
          "uv": [
            0,
            0,
            0,
            16
          ],
          "rotation": 90,
          "texture": "#missing"
        },
        "west": {
          "uv": [
            0,
            0,
            10.66667,
            0
          ],
          "texture": "#missing"
        },
        "up": {
          "uv": [
            1,
            3,
            15,
            16
          ],
          "rotation": 90,
          "texture": "#1"
        },
        "down": {
          "uv": [
            1,
            3,
            15,
            16
          ],
          "rotation": 90,
          "texture": "#1"
        }
      }
    },
    {
      "from": [
        4,
        2.5,
        4.9
      ],
      "to": [
        14,
        2.5,
        17.9
      ],
      "rotation": {
        "angle": -22.5,
        "axis": "x",
        "origin": [
          0,
          10.5,
          12.9
        ]
      },
      "faces": {
        "north": {
          "uv": [
            0,
            0,
            10.66667,
            0
          ],
          "texture": "#missing"
        },
        "east": {
          "uv": [
            0,
            0,
            0,
            16
          ],
          "rotation": 270,
          "texture": "#missing"
        },
        "south": {
          "uv": [
            0,
            0,
            10.66667,
            0
          ],
          "rotation": 180,
          "texture": "#missing"
        },
        "west": {
          "uv": [
            0,
            0,
            0,
            16
          ],
          "rotation": 90,
          "texture": "#missing"
        },
        "up": {
          "uv": [
            1,
            3,
            15,
            16
          ],
          "rotation": 180,
          "texture": "#1"
        },
        "down": {
          "uv": [
            1,
            3,
            15,
            16
          ],
          "texture": "#1"
        }
      }
    },
    {
      "from": [
        -0.8,
        2.5,
        3.1
      ],
      "to": [
        12.2,
        2.5,
        13.1
      ],
      "rotation": {
        "angle": -22.5,
        "axis": "z",
        "origin": [
          4.2,
          10.5,
          -0.9
        ]
      },
      "faces": {
        "north": {
          "uv": [
            0,
            0,
            0,
            16
          ],
          "rotation": 90,
          "texture": "#missing"
        },
        "east": {
          "uv": [
            0,
            0,
            10.66667,
            0
          ],
          "texture": "#missing"
        },
        "south": {
          "uv": [
            0,
            0,
            0,
            16
          ],
          "rotation": 270,
          "texture": "#missing"
        },
        "west": {
          "uv": [
            0,
            0,
            10.66667,
            0
          ],
          "rotation": 180,
          "texture": "#missing"
        },
        "up": {
          "uv": [
            1,
            3,
            15,
            16
          ],
          "rotation": 270,
          "texture": "#1"
        },
        "down": {
          "uv": [
            1,
            3,
            15,
            16
          ],
          "rotation": 270,
          "texture": "#1"
        }
      }
    }
  ],
  "display": {
    "thirdperson_righthand": {
      "translation": [
        0,
        4,
        0
      ],
      "scale": [
        0.5,
        0.5,
        0.5
      ]
    },
    "thirdperson_lefthand": {
      "translation": [
        0,
        4,
        0
      ],
      "scale": [
        0.5,
        0.5,
        0.5
      ]
    },
    "firstperson_righthand": {
      "rotation": [
        0,
        0,
        10
      ],
      "translation": [
        -2.25,
        7,
        3.25
      ],
      "scale": [
        0.5,
        0.5,
        0.5
      ]
    },
    "firstperson_lefthand": {
      "rotation": [
        0,
        0,
        10
      ],
      "translation": [
        -2.25,
        7,
        3.25
      ],
      "scale": [
        0.5,
        0.5,
        0.5
      ]
    },
    "ground": {
      "translation": [
        0,
        5,
        0
      ]
    },
    "gui": {
      "rotation": [
        40,
        25,
        0
      ],
      "translation": [
        -0.75,
        3,
        0
      ],
      "scale": [
        0.8,
        0.8,
        0.8
      ]
    },
    "head": {
      "translation": [
        0,
        14.5,
        0
      ]
    },
    "fixed": {
      "rotation": [
        -90,
        0,
        0
      ],
      "translation": [
        0,
        0,
        -8
      ]
    }
  },
  "groups": [
    {
      "name": "bas",
      "origin": [
        8,
        8,
        8
      ],
      "children": [
        0
      ]
    },
    {
      "name": "fleur",
      "origin": [
        8,
        8,
        8
      ],
      "children": [
        1,
        2,
        3,
        4
      ]
    }
  ]
}