{
  "group": "le_cuivre",
  "type": "minecraft:crafting_shaped",
  "pattern": [
    "0  ",
    "34 ",
    "678"
  ],
  "key": {
    "0": {
      "item": "cu:cuivrecoupeparlesintemperies"
    },
    "3": {
      "item": "cu:cuivrecoupeparlesintemperies"
    },
    "4": {
      "item": "cu:cuivrecoupeparlesintemperies"
    },
    "6": {
      "item": "cu:cuivrecoupeparlesintemperies"
    },
    "7": {
      "item": "cu:cuivrecoupeparlesintemperies"
    },
    "8": {
      "item": "cu:cuivrecoupeparlesintemperies"
    }
  },
  "result": {
    "item": "cu:escalier_en_cuivre_coupe_altere",
    "count": 4
  }
}