{
  "copper_placed": {
    "category": "block",
    "sounds": [
      {
        "name": "cu:copper_placed",
        "stream": false
      }
    ]
  },
  "copper_destroy": {
    "category": "block",
    "sounds": [
      {
        "name": "cu:copper_destroy",
        "stream": false
      }
    ]
  },
  "copper_mining": {
    "category": "block",
    "sounds": [
      {
        "name": "cu:copper_mining",
        "stream": false
      }
    ]
  },
  "amethyst_placed": {
    "category": "block",
    "sounds": [
      {
        "name": "cu:amethyst_placed",
        "stream": false
      }
    ]
  },
  "amethyst_destroy": {
    "category": "block",
    "sounds": [
      {
        "name": "cu:amethyst_destroy",
        "stream": false
      }
    ]
  },
  "amethyst_mining": {
    "category": "block",
    "sounds": [
      {
        "name": "cu:amethyst_mining",
        "stream": false
      }
    ]
  },
  "calcite_placed": {
    "category": "block",
    "sounds": [
      {
        "name": "cu:calcite_placed",
        "stream": false
      }
    ]
  },
  "calcite_destroy": {
    "category": "block",
    "sounds": [
      {
        "name": "cu:calcite_destroy",
        "stream": false
      }
    ]
  },
  "calcite_mining": {
    "category": "block",
    "sounds": [
      {
        "name": "cu:calcite_mining",
        "stream": false
      }
    ]
  },
  "smoothbasalt_tout": {
    "category": "block",
    "sounds": [
      {
        "name": "cu:basalt_tout",
        "stream": false
      }
    ]
  },
  "powder_snow_bucket": {
    "category": "block",
    "sounds": [
      {
        "name": "cu:powder_snow_bucket",
        "stream": false
      }
    ]
  },
  "deepslate_placed": {
    "category": "block",
    "sounds": [
      {
        "name": "cu:deepslate_placed",
        "stream": false
      }
    ]
  },
  "deepslate_destroy": {
    "category": "block",
    "sounds": [
      {
        "name": "cu:deepslate_destroy",
        "stream": false
      }
    ]
  },
  "deepslate_mining": {
    "category": "block",
    "sounds": [
      {
        "name": "cu:deepslate_mining",
        "stream": false
      }
    ]
  },
  "azalea_placed": {
    "category": "block",
    "sounds": [
      {
        "name": "cu:azalea_placed",
        "stream": false
      }
    ]
  },
  "azalea_destroy": {
    "category": "block",
    "sounds": [
      {
        "name": "cu:azalea_destroy",
        "stream": false
      }
    ]
  },
  "azalea_mining": {
    "category": "block",
    "sounds": [
      {
        "name": "cu:azalea_mining",
        "stream": false
      }
    ]
  },
  "cave_vine_destroy": {
    "category": "block",
    "sounds": [
      {
        "name": "cu:cave_vines_destroy",
        "stream": false
      }
    ]
  },
  "cave_vine_placed": {
    "category": "block",
    "sounds": [
      {
        "name": "cu:cave_vines_placed",
        "stream": false
      }
    ]
  },
  "cave_vine_mining": {
    "category": "block",
    "sounds": [
      {
        "name": "cu:cave_vines_mining",
        "stream": false
      }
    ]
  },
  "spyglass_use": {
    "category": "block",
    "sounds": [
      {
        "name": "cu:spyglass_use",
        "stream": false
      }
    ]
  }
}