{
  "multipart": [
    {
      "when": {
        "up": "true"
      },
      "apply": {
        "model": "cu:block/muret_de_pierres_dardoise_des_abimes_post"
      }
    },
    {
      "when": {
        "north": "true"
      },
      "apply": {
        "model": "cu:block/muret_de_pierres_dardoise_des_abimes",
        "uvlock": true
      }
    },
    {
      "when": {
        "south": "true"
      },
      "apply": {
        "model": "cu:block/muret_de_pierres_dardoise_des_abimes",
        "y": 180,
        "uvlock": true
      }
    },
    {
      "when": {
        "west": "true"
      },
      "apply": {
        "model": "cu:block/muret_de_pierres_dardoise_des_abimes",
        "y": 270,
        "uvlock": true
      }
    },
    {
      "when": {
        "east": "true"
      },
      "apply": {
        "model": "cu:block/muret_de_pierres_dardoise_des_abimes",
        "y": 90,
        "uvlock": true
      }
    }
  ]
}